source_id,publisher,title,url,source_type,topic,source_date,retrieved_at,notes
SRC_KNESSET_FACTIONS,הכנסת,הסיעות בכנסת ה-25,https://main.knesset.gov.il/mk/apps/faction/faction-lobby?KnessetID=25,official_primary,entities,,2026-10-01,Current parliamentary faction registry; faction composition can change during a Knesset term.
SRC_KNESSET_MKS,הכנסת,חברי הכנסת ה-25,https://main.knesset.gov.il/apps/mklobby/main/current-knesset-mks/all-current-mks,official_primary,entities,,2026-10-01,Current MK roster.
SRC_ISRAEL_BEITENU_PLATFORM,ישראל ביתנו,המצע שלנו,https://beytenu.org.il/party-platform/,party_primary,platform,,2026-10-01,Official party platform page.
SRC_ISRAEL_BEITENU_EDU_2026,ישראל ביתנו,מצע ישראל ביתנו בנושא החינוך – יחד עם מועצת התלמידים,https://beytenu.org.il/%D7%9E%D7%A6%D7%A2-%D7%99%D7%A9%D7%A8%D7%90%D7%9C-%D7%91%D7%99%D7%AA%D7%A0%D7%95-%D7%91%D7%A0%D7%95%D7%A9%D7%90-%D7%94%D7%97%D7%99%D7%A0%D7%95%D7%9A-%D7%99%D7%97%D7%93-%D7%A2%D7%9D-%D7%9E%D7%95/,party_primary,education_transport,2026-08-26,2026-10-01,Official 2026 education/youth platform.
SRC_ISRAEL_BEITENU_SENIORS_2026,ישראל ביתנו,מצע – מטה האזרחים הוותיקים,https://beytenu.org.il/%D7%9E%D7%A6%D7%A2-%D7%9E%D7%98%D7%94-%D7%90%D7%96%D7%A8%D7%97%D7%99%D7%9D-%D7%95%D7%AA%D7%99%D7%A7%D7%99%D7%9D/,party_primary,health_cost_of_living,2026-08-04,2026-10-01,Official 2026 seniors platform.
SRC_YESH_ATID_TRANSPORT,יש עתיד,מצע – תחבורה,https://yeshatid.org.il/platforms/%D7%AA%D7%97%D7%91%D7%95%D7%A8%D7%94,party_primary,transport,,2026-10-01,Official party platform page; page date not displayed in retrieved source.
SRC_YESH_ATID_PERIPHERY,יש עתיד,מצע – פריפריה ושלטון מקומי,https://yeshatid.org.il/platforms/%D7%A4%D7%A8%D7%99%D7%A4%D7%A8%D7%99%D7%94-%D7%95%D7%A9%D7%9C%D7%98%D7%95%D7%9F-%D7%9E%D7%A7%D7%95%D7%9E%D7%99,party_primary,health_education_transport,,2026-10-01,Official party platform page.
SRC_BEYAHAD_PLANS,ביחד,תכניות התיקון של ישראל,https://be-yahad.org.il/plans/,party_primary,platform,,2026-10-01,Official 2026 plans index.
SRC_BEYAHAD_EDU,ביחד,רק ביחד נתקן את מערכת החינוך,https://be-yahad.org.il/plans/education/,party_primary,education,,2026-10-01,Official 2026 education plan.
SRC_BEYAHAD_TRANSPORT,ביחד,רק ביחד נתקן את מערכת התחבורה,https://be-yahad.org.il/plans/transport-2/,party_primary,transport,,2026-10-01,Official 2026 transport plan.
SRC_BEYAHAD_HEALTH,ביחד,רק ביחד נתקן את מערכת הבריאות,https://be-yahad.org.il/plans/health/,party_primary,health,,2026-10-01,Official 2026 health plan.
SRC_BEYAHAD_COL,ביחד,תכנית להורדת יוקר המחיה,https://be-yahad.org.il/plans/yokermichya/,party_primary,cost_of_living,,2026-10-01,Official 2026 cost-of-living plan.
SRC_DEMOCRATS_VISION,הדמוקרטים,תוכנית חמש הנקודות,https://democrats.org.il/wp-content/uploads/2025/09/vision0725.pdf,party_primary,platform,2025,2026-10-01,Official party policy document hosted on party site.
SRC_RZ_PLATFORM,הציונות הדתית,מצע המפלגה,https://zionutdatit.org.il/%D7%9E%D7%A6%D7%A2-%D7%94%D7%9E%D7%A4%D7%9C%D7%92%D7%94/,party_primary,platform,,2026-10-01,Official party platform index; individual detailed plans should be ingested separately.
SRC_CBS_CPI_AUG26,הלשכה המרכזית לסטטיסטיקה,מדד המחירים לצרכן – אוגוסט 2026,https://www.cbs.gov.il/he/mediarelease/Madad/DocLib/2026/293/10_26_293b.pdf,official_primary,cost_of_living,2026-09-15,2026-10-01,Official CPI press release.
SRC_CBS_HOUSING_PRICE_JUN26,הלשכה המרכזית לסטטיסטיקה,שינוי במחירי שוק הדירות – מאי-יוני 2026,https://www.cbs.gov.il/he/mediarelease/Madad/DocLib/2026/256/10_26_256b.pdf,official_primary,housing,2026-08-14,2026-10-01,Official housing price release; latest periods may be provisional.
SRC_CBS_CONSTRUCTION_2025,הלשכה המרכזית לסטטיסטיקה,התחלות וגמר בנייה – סיכום שנת 2025,https://www.cbs.gov.il/he/mediarelease/DocLib/2026/089/04_26_089b.pdf,official_primary,housing,2026-03-19,2026-10-01,Official annual construction release.
SRC_CBS_HEALTH_2026_YEARBOOK,הלשכה המרכזית לסטטיסטיקה,"ישראל במספרים ערב ראש השנה תשפ""ז",https://www.cbs.gov.il/he/mediarelease/DocLib/2026/282/11_26_282b.pdf,official_primary,health,2026-09-09,2026-10-01,Includes national health expenditure 2025/2024.
SRC_CBS_EDU_TEACHERS_2026,הלשכה המרכזית לסטטיסטיקה,"עובדי הוראה במערכת החינוך, תשפ""ו (2025/26)",https://www.cbs.gov.il/he/mediarelease/DocLib/2026/104/06_26_104b.pdf,official_primary,education,2026-03-26,2026-10-01,Official education workforce release.
SRC_CBS_PERSONAL_SECURITY_2025,הלשכה המרכזית לסטטיסטיקה,ממצאים ראשונים מתוך סקר ביטחון אישי 2025,https://www.cbs.gov.il/he/mediarelease/DocLib/2026/084/18_26_084b.pdf,official_primary,personal_security,2026-03-16,2026-10-01,Survey-based victimization and perceived safety.
SRC_POLICE_CRIME_DATA,משטרת ישראל / data.gov.il,נתוני פשיעה,https://data.gov.il/he/datasets/israel-police/crime_records_data,official_primary,personal_security,,2026-10-01,"Detailed crime records by year, quarter, geography and offense type; row count is not identical to number of cases."
SRC_KNESSET_CRIME_2025,הכנסת,דיון הוועדה לביטחון לאומי על נתוני הפשיעה לשנת 2025,https://main.knesset.gov.il/News/PressReleases/Pages/press10022026z.aspx,official_primary,personal_security,2026-02-10,2026-10-01,Knesset committee press release quoting police data.
SRC_CBS_MOTOR_2025,הלשכה המרכזית לסטטיסטיקה,כלי רכב מנועיים בישראל בשנת 2025,https://www.cbs.gov.il/he/mediarelease/DocLib/2026/126/27_26_126b.pdf,official_primary,transport,2026-04-29,2026-10-01,Transport context; not a direct public-transport service quality measure.
SRC_CBS_HH_EXP_2023,הלשכה המרכזית לסטטיסטיקה,ממצאים מסקר הוצאות משק הבית 2023,https://www.cbs.gov.il/he/mediarelease/DocLib/2026/001/15_26_001b.pdf,official_primary,cost_of_living_housing,2026-01-01,2026-10-01,Household expenditure/income survey data for 2023.
SRC_GOV_DEC_1936,משרד ראש הממשלה,יישום הסכמים קואליציוניים בשנת הכספים 2024 – תיקון החלטת ממשלה,https://www.gov.il/he/pages/dec1936-2024,official_primary,education,2024-06-30,2026-10-01,Government decision 1936.
SRC_GOV_DEC_4294,משרד ראש הממשלה,תיקון הכרזה על מתחם מועדף לדיור – אשקלון,https://www.gov.il/he/pages/dec4294-2026,official_primary,housing,2026-06-28,2026-10-01,Government decision 4294.
SRC_GOV_DEC_3229,משרד ראש הממשלה,הצעת חוק לשיקום מהיר של מבנים שניזוקו במלחמת עם כלביא,https://www.gov.il/he/pages/dec3229-2025,official_primary,housing,2025-07-10,2026-10-01,Government decision 3229 / legislation committee decision.
SRC_GOV_HOUSING_PLAN_2025,משרד הבינוי והשיכון,עיקרי תוכנית העבודה לשנת 2025,https://www.gov.il/BlobFolder/generalpage/work_plans_2025/he/work_plans.pdf,official_primary,housing,2025,2026-10-01,Includes rental-market targets and planned government outputs.
SRC_BUDGET_2025,משרד האוצר,עיקרי התקציב 2025,https://www.gov.il/BlobFolder/guide/hofeshmeida/he/state_budget_2025_state_budget_main_2025_file.pdf,official_primary,budget_housing,2025,2026-10-01,Official state budget book.
