commitment_id,entity_id,entity_name,topic,commitment,target,timeframe,evidence_type,source_id,verified_at,attribution_note
C_IB_001,faction_yisrael_beiteinu,ישראל ביתנו,education,"להגדיל השקעה ממשלתית בגיל הרך ולחזק תשתיות, כוח אדם ואיכות מסגרות לידה עד גיל 6.",,,documented_commitment,SRC_ISRAEL_BEITENU_PLATFORM,2026-10-01,This records what the party says it intends to do; it is not evidence of implementation or outcome.
C_IB_002,faction_yisrael_beiteinu,ישראל ביתנו,education,"להקים תוכנית לאומית למשבר כוח האדם בגיל הרך, כולל שכר, הכשרה, קידום ותמריצים.",,,documented_commitment,SRC_ISRAEL_BEITENU_PLATFORM,2026-10-01,This records what the party says it intends to do; it is not evidence of implementation or outcome.
C_IB_003,faction_yisrael_beiteinu,ישראל ביתנו,education,להקטין כיתות ולחזק את מעמד המורים.,,,documented_commitment,SRC_ISRAEL_BEITENU_EDU_2026,2026-10-01,This records what the party says it intends to do; it is not evidence of implementation or outcome.
C_IB_004,faction_yisrael_beiteinu,ישראל ביתנו,education,"לעגן בחוק תקצוב קבוע, שוויוני וארוך טווח לחינוך הבלתי פורמלי.",,,documented_commitment,SRC_ISRAEL_BEITENU_PLATFORM,2026-10-01,This records what the party says it intends to do; it is not evidence of implementation or outcome.
C_IB_005,faction_yisrael_beiteinu,ישראל ביתנו,transport,"לקדם תחבורה ציבורית נגישה, תדירה וזמינה לנוער, כולל שיפור שירות בפריפריה.",,,documented_commitment,SRC_ISRAEL_BEITENU_EDU_2026,2026-10-01,This records what the party says it intends to do; it is not evidence of implementation or outcome.
C_IB_006,faction_yisrael_beiteinu,ישראל ביתנו,transport,לקדם רשויות תחבורה מטרופוליניות.,,,documented_commitment,SRC_ISRAEL_BEITENU_EDU_2026,2026-10-01,This records what the party says it intends to do; it is not evidence of implementation or outcome.
C_IB_007,faction_yisrael_beiteinu,ישראל ביתנו,health,"להגדיל תקני רופאים ואחיות, בדגש על הפריפריה.",,,documented_commitment,SRC_ISRAEL_BEITENU_PLATFORM,2026-10-01,This records what the party says it intends to do; it is not evidence of implementation or outcome.
C_IB_008,faction_yisrael_beiteinu,ישראל ביתנו,health,להגדיל את מספר המיטות בבתי החולים הציבוריים.,,,documented_commitment,SRC_ISRAEL_BEITENU_PLATFORM,2026-10-01,This records what the party says it intends to do; it is not evidence of implementation or outcome.
C_IB_009,faction_yisrael_beiteinu,ישראל ביתנו,health,להרחיב שירותים אמבולטוריים ורפואה מונעת.,,,documented_commitment,SRC_ISRAEL_BEITENU_PLATFORM,2026-10-01,This records what the party says it intends to do; it is not evidence of implementation or outcome.
C_IB_010,faction_yisrael_beiteinu,ישראל ביתנו,health,לעדכן את סל התרופות באופן קבוע ושוטף.,,,documented_commitment,SRC_ISRAEL_BEITENU_PLATFORM,2026-10-01,This records what the party says it intends to do; it is not evidence of implementation or outcome.
C_IB_011,faction_yisrael_beiteinu,ישראל ביתנו,health,להוביל רפורמה בביטוח הסיעוד ולחזק רפואה גריאטרית וטיפול בקהילה.,,,documented_commitment,SRC_ISRAEL_BEITENU_SENIORS_2026,2026-10-01,This records what the party says it intends to do; it is not evidence of implementation or outcome.
C_IB_012,faction_yisrael_beiteinu,ישראל ביתנו,cost_of_living,להגדיל בהדרגה את קצבת הזקנה הבסיסית ל-25% מהשכר הממוצע.,25% מהשכר הממוצע,מדורג על פני מספר שנים,documented_commitment,SRC_ISRAEL_BEITENU_SENIORS_2026,2026-10-01,This records what the party says it intends to do; it is not evidence of implementation or outcome.
C_IB_013,faction_yisrael_beiteinu,ישראל ביתנו,cost_of_living,"לקבוע מנגנון הצמדה לקצבת הזקנה לשכר הממוצע או למדד, לפי הגבוה.",,,documented_commitment,SRC_ISRAEL_BEITENU_SENIORS_2026,2026-10-01,This records what the party says it intends to do; it is not evidence of implementation or outcome.
C_IB_014,faction_yisrael_beiteinu,ישראל ביתנו,personal_security,להרחיב מניעה ואכיפה נגד אלימות ופשיעה בקרב צעירים לצד מסגרות חינוך ותעסוקה.,,,documented_commitment,SRC_ISRAEL_BEITENU_PLATFORM,2026-10-01,This records what the party says it intends to do; it is not evidence of implementation or outcome.
C_YA_001,faction_yesh_atid,יש עתיד,transport,"להרחיב משמעותית את התחבורה הציבורית ולקצר זמני המתנה, בעיקר בין הפריפריה למרכז.",,,documented_commitment,SRC_YESH_ATID_TRANSPORT,2026-10-01,This records what the party says it intends to do; it is not evidence of implementation or outcome.
C_YA_002,faction_yesh_atid,יש עתיד,transport,"לאפשר תחבורה ציבורית מצומצמת בשבת באזורים חילוניים, בהחלטת הרשויות המקומיות.",,,documented_commitment,SRC_YESH_ATID_TRANSPORT,2026-10-01,This records what the party says it intends to do; it is not evidence of implementation or outcome.
C_YA_003,faction_yesh_atid,יש עתיד,transport,לעודד תחבורה שיתופית ולהקל רגולציה ובירוקרטיה בתחום.,,,documented_commitment,SRC_YESH_ATID_TRANSPORT,2026-10-01,This records what the party says it intends to do; it is not evidence of implementation or outcome.
C_YA_004,faction_yesh_atid,יש עתיד,personal_security,"להיאבק בתאונות דרכים באמצעות טכנולוגיות, טיפול בכבישים אדומים, חינוך ואכיפה.",,,documented_commitment,SRC_YESH_ATID_TRANSPORT,2026-10-01,This records what the party says it intends to do; it is not evidence of implementation or outcome.
C_YA_005,faction_yesh_atid,יש עתיד,governance,לחוקק חוק שלטון מקומי מקיף שיסדיר סמכויות בין השלטון המרכזי והמקומי.,,,documented_commitment,SRC_YESH_ATID_PERIPHERY,2026-10-01,This records what the party says it intends to do; it is not evidence of implementation or outcome.
C_BY_001,party_beyahad,ביחד,education,לקבוע שכר התחלתי של 12 אלף ש״ח למורה.,"12,000 ש״ח שכר התחלתי",,documented_commitment,SRC_BEYAHAD_EDU,2026-10-01,This records what the party says it intends to do; it is not evidence of implementation or outcome.
C_BY_002,party_beyahad,ביחד,education,להעביר את רוב סמכויות קבלת ההחלטות במערכת החינוך לרשויות המקומיות ולמנהלי בתי הספר.,,,documented_commitment,SRC_BEYAHAD_EDU,2026-10-01,This records what the party says it intends to do; it is not evidence of implementation or outcome.
C_BY_003,party_beyahad,ביחד,education,להתנות מימון ציבורי בלימודי ליבה מלאים.,100% לימודי ליבה כתנאי למימון,,documented_commitment,SRC_BEYAHAD_EDU,2026-10-01,This records what the party says it intends to do; it is not evidence of implementation or outcome.
C_BY_004,party_beyahad,ביחד,education,להגיע ללימודי ליבה מלאים לכל תלמיד חרדי מכיתה א׳ עד י״ב.,ליבה מלאה לכל תלמיד חרדי,8 שנים,documented_commitment,SRC_BEYAHAD_EDU,2026-10-01,This records what the party says it intends to do; it is not evidence of implementation or outcome.
C_BY_005,party_beyahad,ביחד,education,להקים מועצה לאומית לחינוך ולהגדיר בסיס משותף של 60% מהלימודים.,60% בסיס משותף,,documented_commitment,SRC_BEYAHAD_EDU,2026-10-01,This records what the party says it intends to do; it is not evidence of implementation or outcome.
C_BY_006,party_beyahad,ביחד,education,"להקים מערך ציבורי איכותי, מפוקח ומסובסד לגיל הרך.",,8 שנים,documented_commitment,SRC_BEYAHAD_EDU,2026-10-01,This records what the party says it intends to do; it is not evidence of implementation or outcome.
C_BY_007,party_beyahad,ביחד,cost_of_living,להוריד את מחיר סל הקניות הישראלי לרמת ממוצע OECD.,סל קניות ברמת ממוצע OECD,3 שנים,documented_commitment,SRC_BEYAHAD_COL,2026-10-01,This records what the party says it intends to do; it is not evidence of implementation or outcome.
C_BY_008,party_beyahad,ביחד,cost_of_living,לפרק ריכוזיות ומונופולים בשרשרת המזון והאספקה.,,,documented_commitment,SRC_BEYAHAD_COL,2026-10-01,This records what the party says it intends to do; it is not evidence of implementation or outcome.
C_BY_009,party_beyahad,ביחד,cost_of_living,להסיר חסמי יבוא ולאמץ תקינה אירופית.,,,documented_commitment,SRC_BEYAHAD_COL,2026-10-01,This records what the party says it intends to do; it is not evidence of implementation or outcome.
C_BY_010,party_beyahad,ביחד,cost_of_living,לבטל מכסים מסוימים ולהמירם בתמיכה ישירה בחקלאים.,,,documented_commitment,SRC_BEYAHAD_COL,2026-10-01,This records what the party says it intends to do; it is not evidence of implementation or outcome.
C_BY_011,party_beyahad,ביחד,transport,לסלול כ-200 ק״מ של נתיבי תחבורה ציבורית חדשים.,כ-200 ק״מ נת״צים,,documented_commitment,SRC_BEYAHAD_TRANSPORT,2026-10-01,This records what the party says it intends to do; it is not evidence of implementation or outcome.
C_BY_012,party_beyahad,ביחד,transport,"להעלות תדירות רכבות בין ירושלים, תל אביב, חיפה ובאר שבע לרכבת כל 10 דקות.",6 רכבות בשעה,,documented_commitment,SRC_BEYAHAD_TRANSPORT,2026-10-01,This records what the party says it intends to do; it is not evidence of implementation or outcome.
C_BY_013,party_beyahad,ביחד,transport,להפחית גודש בדרכים.,22% הפחתה בגודש,,documented_commitment,SRC_BEYAHAD_TRANSPORT,2026-10-01,This records what the party says it intends to do; it is not evidence of implementation or outcome.
C_BY_014,party_beyahad,ביחד,transport,להגדיל את מספר נסיעות הנוסע בתחבורה ציבורית.,25% עלייה,,documented_commitment,SRC_BEYAHAD_TRANSPORT,2026-10-01,This records what the party says it intends to do; it is not evidence of implementation or outcome.
C_BY_015,party_beyahad,ביחד,transport,לשפר מהירות נסיעה ממוצעת בתחבורה ציבורית.,35%-45% שיפור,,documented_commitment,SRC_BEYAHAD_TRANSPORT,2026-10-01,This records what the party says it intends to do; it is not evidence of implementation or outcome.
C_BY_016,party_beyahad,ביחד,transport,לפשט ולהוזיל תעריפים ולהתקדם לכרטיס/תשלום אחיד לכל הנסיעה.,,,documented_commitment,SRC_BEYAHAD_TRANSPORT,2026-10-01,This records what the party says it intends to do; it is not evidence of implementation or outcome.
C_BY_017,party_beyahad,ביחד,health,"להעביר בדיקות, טיפולים ומומחים מבתי חולים למרכזי בריאות בקהילה.",,,documented_commitment,SRC_BEYAHAD_HEALTH,2026-10-01,This records what the party says it intends to do; it is not evidence of implementation or outcome.
C_BY_018,party_beyahad,ביחד,health,להרחיב רפואה מונעת ולשלב שיקולי בריאות במדיניות משרדי הממשלה.,,,documented_commitment,SRC_BEYAHAD_HEALTH,2026-10-01,This records what the party says it intends to do; it is not evidence of implementation or outcome.
C_BY_019,party_beyahad,ביחד,health,"לחזק איתור וטיפול מוקדם בילדים בתחומי תזונה, שיניים, ראייה, שמיעה והתפתחות.",,,documented_commitment,SRC_BEYAHAD_HEALTH,2026-10-01,This records what the party says it intends to do; it is not evidence of implementation or outcome.
C_BY_020,party_beyahad,ביחד,housing,להקים מטה לאומי לתיאום בין דיור ותשתיות ולשחרור חסמים.,,,documented_commitment,SRC_BEYAHAD_PLANS,2026-10-01,This records what the party says it intends to do; it is not evidence of implementation or outcome.
C_BY_021,party_beyahad,ביחד,housing,"לקדם השקעה רב-שנתית בדיור, תחבורה, בריאות וחינוך כדי לעודד מעבר לצפון ולדרום.",מיליון ישראלים לפריפריה,עשור,documented_commitment,SRC_BEYAHAD_PLANS,2026-10-01,This records what the party says it intends to do; it is not evidence of implementation or outcome.
C_DEM_001,party_democrats,הדמוקרטים,cost_of_living,"לפתוח את שוק המזון ליבוא ותחרות, כולל ביטול חסמי תקינה מיותרים.",,,documented_commitment,SRC_DEMOCRATS_VISION,2026-10-01,This records what the party says it intends to do; it is not evidence of implementation or outcome.
C_DEM_002,party_democrats,הדמוקרטים,housing,לשחרר קרקעות ממשלתיות במטרה להגדיל היצע ולהפחית מחירי דיור.,,,documented_commitment,SRC_DEMOCRATS_VISION,2026-10-01,This records what the party says it intends to do; it is not evidence of implementation or outcome.
C_DEM_003,party_democrats,הדמוקרטים,cost_of_living,לחזק את רשות התחרות ולהטיל מגבלות חדשות על ריכוזי שליטה.,,,documented_commitment,SRC_DEMOCRATS_VISION,2026-10-01,This records what the party says it intends to do; it is not evidence of implementation or outcome.
C_DEM_004,party_democrats,הדמוקרטים,cost_of_living,להגביר שקיפות מחירים ורגולציה צרכנית.,,,documented_commitment,SRC_DEMOCRATS_VISION,2026-10-01,This records what the party says it intends to do; it is not evidence of implementation or outcome.
C_DEM_005,party_democrats,הדמוקרטים,health,להגדיל השקעה בשירותי בריאות ורווחה עם עדיפות לאוכלוסיות מוחלשות.,,,documented_commitment,SRC_DEMOCRATS_VISION,2026-10-01,This records what the party says it intends to do; it is not evidence of implementation or outcome.
C_RZ_001,faction_rz,הציונות הדתית,education,המפלגה מפרסמת תוכנית ייעודית בתחום החינוך כחלק ממסגרת המצע שלה.,,,documented_commitment,SRC_RZ_PLATFORM,2026-10-01,This records what the party says it intends to do; it is not evidence of implementation or outcome.
C_RZ_002,faction_rz,הציונות הדתית,cost_of_living,המפלגה מפרסמת תוכנית ייעודית בתחום הכלכלה כחלק ממסגרת המצע שלה.,,,documented_commitment,SRC_RZ_PLATFORM,2026-10-01,This records what the party says it intends to do; it is not evidence of implementation or outcome.
C_RZ_003,faction_rz,הציונות הדתית,health,"המפלגה מפרסמת תוכנית בתחום תעסוקה, רווחה ובריאות הנפש כחלק ממסגרת המצע שלה.",,,documented_commitment,SRC_RZ_PLATFORM,2026-10-01,This records what the party says it intends to do; it is not evidence of implementation or outcome.
C_RZ_004,faction_rz,הציונות הדתית,personal_security,המפלגה מפרסמת תוכנית בתחום הפשיעה החקלאית כחלק ממסגרת המצע שלה.,,,documented_commitment,SRC_RZ_PLATFORM,2026-10-01,This records what the party says it intends to do; it is not evidence of implementation or outcome.
